{
  "0": {
    "precision": 0.8920377867746289,
    "recall": 0.9910044977511244,
    "f1-score": 0.9389204545454546,
    "support": 667.0
  },
  "1": {
    "precision": 0.9294117647058824,
    "recall": 0.4968553459119497,
    "f1-score": 0.6475409836065574,
    "support": 159.0
  },
  "accuracy": 0.8958837772397095,
  "macro avg": {
    "precision": 0.9107247757402557,
    "recall": 0.743929921831537,
    "f1-score": 0.793230719076006,
    "support": 826.0
  },
  "weighted avg": {
    "precision": 0.899232051291662,
    "recall": 0.8958837772397095,
    "f1-score": 0.8828316701879672,
    "support": 826.0
  }
}